AreaFolder,MeanLat,MeanLon,AvgErrorRadius,AvgHDOP,AvgPDOP,AvgVDOP,FixScore,SNR_Ratio,GPS_SNR,GLONASS_SNR,BeiDou_SNR,Total_GPS_Sats,Total_GLONASS_Sats,Total_BeiDou_Sats
Vacoa,43.95588496217494,5.027999672576832,2.1688508808258393,0.7906382978723404,1.6491489361702127,1.4489361702127659,99.26892611170186,6.361323155216285,23.567246835443036,19.853747714808044,0.0,7332,4653,0
