PositionFile,AvgLat,AvgLon,ErrorRadius,AvgHDOP,FixScore,AvgPDOP,AvgVDOP,SNR_Ratio,GPS_SNR,GLONASS_SNR,BeiDou_SNR,GPS_Sats,GLONASS_Sats,BeiDou_Sats
position1.txt,43.95588496217494,5.027999672576832,2.1688508808258393,0.7906382978723404,99.26892611170186,1.6491489361702127,1.4489361702127659,6.361323155216285,23.567246835443036,19.853747714808044,0,7332,4653,0
